{"cameraMode":{"drawMode":2,"name":"Shaded Wireframe","section":"Shading Mode"},"sceneLighting":true,"audioPlay":false,"sceneViewState":{"showFog":true,"showMaterialUpdate":false,"showSkybox":true,"showFlares":true,"showImageEffects":true,"showParticleSystems":true},"in2DMode":false,"pivot":{"x":0.7483834028244019,"y":-0.5682518482208252,"z":-1.3858098983764649},"rotation":{"x":-0.0027676138561218979,"y":0.9624282717704773,"z":-0.2713499963283539,"w":-0.009816048666834832},"size":10.994844436645508,"orthographic":false}