{"cameraMode":{"drawMode":2,"name":"Shaded Wireframe","section":"Shading Mode"},"sceneLighting":true,"audioPlay":false,"sceneViewState":{"showFog":true,"showMaterialUpdate":false,"showSkybox":true,"showFlares":true,"showImageEffects":true,"showParticleSystems":true},"in2DMode":false,"pivot":{"x":0.8678501844406128,"y":0.9685955047607422,"z":-0.9573459625244141},"rotation":{"x":0.014939885586500168,"y":0.970980167388916,"z":-0.2302280217409134,"w":0.06300872564315796},"size":15.923336029052735,"orthographic":false}