{"cameraMode":{"drawMode":0,"name":"Shaded","section":"Shading Mode"},"sceneLighting":true,"audioPlay":false,"sceneViewState":{"showFog":true,"showMaterialUpdate":false,"showSkybox":true,"showFlares":true,"showImageEffects":true,"showParticleSystems":true},"in2DMode":false,"pivot":{"x":-0.09354639053344727,"y":-1.213912010192871,"z":-1.7832307815551758},"rotation":{"x":-0.1470395028591156,"y":0.8526619672775269,"z":-0.34186089038848879,"w":-0.36674726009368899},"size":13.547074317932129,"orthographic":false}