{"cameraMode":{"drawMode":0,"name":"Shaded","section":"Shading Mode"},"sceneLighting":true,"audioPlay":false,"sceneViewState":{"showFog":true,"showMaterialUpdate":false,"showSkybox":true,"showFlares":true,"showImageEffects":true,"showParticleSystems":true},"in2DMode":false,"pivot":{"x":7.969574928283691,"y":-0.8598098754882813,"z":0.8801383972167969},"rotation":{"x":0.02897089719772339,"y":0.7451402544975281,"z":-0.032431989908218387,"w":0.6654988527297974},"size":15.327878952026368,"orthographic":false}