{"cameraMode":{"drawMode":0,"name":"Shaded","section":"Shading Mode"},"sceneLighting":true,"audioPlay":false,"sceneViewState":{"showFog":true,"showMaterialUpdate":false,"showSkybox":true,"showFlares":true,"showImageEffects":true,"showParticleSystems":true},"in2DMode":false,"pivot":{"x":-0.49210071563720705,"y":-1.3354249000549317,"z":-1.199976921081543},"rotation":{"x":-0.1499597132205963,"y":0.8481012582778931,"z":-0.326813280582428,"w":-0.3891626000404358},"size":9.609211921691895,"orthographic":false}