{"cameraMode":{"drawMode":2,"name":"Shaded Wireframe","section":"Shading Mode"},"sceneLighting":true,"audioPlay":false,"sceneViewState":{"showFog":true,"showMaterialUpdate":false,"showSkybox":true,"showFlares":true,"showImageEffects":true,"showParticleSystems":true},"in2DMode":false,"pivot":{"x":-0.8637217283248901,"y":-0.8614230155944824,"z":-1.0377228260040284},"rotation":{"x":-0.1049511730670929,"y":0.8884596824645996,"z":-0.25337502360343935,"w":-0.36801207065582278},"size":4.507394790649414,"orthographic":false}