{"cameraMode":{"drawMode":0,"name":"Shaded","section":"Shading Mode"},"sceneLighting":true,"audioPlay":false,"sceneViewState":{"showFog":true,"showMaterialUpdate":false,"showSkybox":true,"showFlares":true,"showImageEffects":true,"showParticleSystems":true},"in2DMode":false,"pivot":{"x":-1.0147507190704346,"y":-0.9072098731994629,"z":-0.8342859745025635},"rotation":{"x":-0.11563461273908615,"y":0.8743208646774292,"z":-0.25502505898475649,"w":-0.39643925428390505},"size":8.60787296295166,"orthographic":false}