{"cameraMode":{"drawMode":0,"name":"Shaded","section":"Shading Mode"},"sceneLighting":true,"audioPlay":false,"sceneViewState":{"showFog":true,"showMaterialUpdate":false,"showSkybox":true,"showFlares":true,"showImageEffects":true,"showParticleSystems":true},"in2DMode":false,"pivot":{"x":8.098006248474121,"y":0.5180368423461914,"z":1.6982178688049317},"rotation":{"x":-0.0010252787033095956,"y":0.7275893688201904,"z":0.0010939199710264803,"w":0.6860202550888062},"size":15.327878952026368,"orthographic":false}