{"cameraMode":{"drawMode":0,"name":"Shaded","section":"Shading Mode"},"sceneLighting":true,"audioPlay":false,"sceneViewState":{"showFog":true,"showMaterialUpdate":false,"showSkybox":true,"showFlares":true,"showImageEffects":true,"showParticleSystems":true},"in2DMode":false,"pivot":{"x":0.8050781488418579,"y":1.358705997467041,"z":0.39503979682922366},"rotation":{"x":0.1902349591255188,"y":-0.0002934363728854805,"z":0.000058620615163818,"w":0.981745183467865},"size":4.8123860359191898,"orthographic":true}