{"cameraMode":{"drawMode":0,"name":"Shaded","section":"Shading Mode"},"sceneLighting":false,"audioPlay":false,"sceneViewState":{"showFog":true,"showMaterialUpdate":false,"showSkybox":false,"showFlares":true,"showImageEffects":true,"showParticleSystems":true},"in2DMode":false,"pivot":{"x":0.8050781488418579,"y":1.358705997467041,"z":0.39503979682922366},"rotation":{"x":0.35452160239219668,"y":-0.0016827834770083428,"z":0.0006370497867465019,"w":0.9350546598434448},"size":2.3334527015686037,"orthographic":true}