{"cameraMode":{"drawMode":0,"name":"Shaded","section":"Shading Mode"},"sceneLighting":true,"audioPlay":false,"sceneViewState":{"showFog":true,"showMaterialUpdate":false,"showSkybox":true,"showFlares":true,"showImageEffects":true,"showParticleSystems":true},"in2DMode":false,"pivot":{"x":-0.20047852396965028,"y":-0.543480634689331,"z":11.742520332336426},"rotation":{"x":0.19229388236999513,"y":-0.0029439860954880716,"z":0.0005768815171904862,"w":0.9813327193260193},"size":1.0349841117858887,"orthographic":true}