{"cameraMode":{"drawMode":0,"name":"Shaded","section":"Shading Mode"},"sceneLighting":true,"audioPlay":false,"sceneViewState":{"showFog":true,"showMaterialUpdate":false,"showSkybox":true,"showFlares":true,"showImageEffects":true,"showParticleSystems":true},"in2DMode":false,"pivot":{"x":-0.7096735239028931,"y":3.5940699577331545,"z":-0.7926855683326721},"rotation":{"x":0.5270366072654724,"y":0.06259628385305405,"z":-0.038966912776231769,"w":0.8466430902481079},"size":13.741731643676758,"orthographic":true}