{"cameraMode":{"drawMode":0,"name":"Shaded","section":"Shading Mode"},"sceneLighting":false,"audioPlay":false,"sceneViewState":{"showFog":true,"showMaterialUpdate":false,"showSkybox":false,"showFlares":true,"showImageEffects":true,"showParticleSystems":true},"in2DMode":false,"pivot":{"x":-1.1888556480407715,"y":0.6956102848052979,"z":0.8328310251235962},"rotation":{"x":0.04528246447443962,"y":-0.6455215811729431,"z":0.03838888555765152,"w":0.7614337205886841},"size":2.100356340408325,"orthographic":true}