{"cameraMode":{"drawMode":0,"name":"Shaded","section":"Shading Mode"},"sceneLighting":true,"audioPlay":false,"sceneViewState":{"showFog":true,"showMaterialUpdate":false,"showSkybox":true,"showFlares":true,"showImageEffects":true,"showParticleSystems":true},"in2DMode":false,"pivot":{"x":2.351569414138794,"y":-21.124874114990236,"z":9.006573677062989},"rotation":{"x":0.5565884709358215,"y":0.01619751937687397,"z":-0.010855400003492833,"w":0.8305652141571045},"size":31.506330490112306,"orthographic":false}