{"cameraMode":{"drawMode":0,"name":"Shaded","section":"Shading Mode"},"sceneLighting":true,"audioPlay":false,"sceneViewState":{"showFog":true,"showMaterialUpdate":false,"showSkybox":true,"showFlares":true,"showImageEffects":true,"showParticleSystems":true},"in2DMode":false,"pivot":{"x":-2.062495231628418,"y":-4.751953125,"z":-0.0750776156783104},"rotation":{"x":0.7249053716659546,"y":0.002065610606223345,"z":-0.002175155095756054,"w":0.6888476610183716},"size":11.768292427062989,"orthographic":true}