{"cameraMode":{"drawMode":0,"name":"Shaded","section":"Shading Mode"},"sceneLighting":true,"audioPlay":false,"sceneViewState":{"showFog":true,"showMaterialUpdate":false,"showSkybox":true,"showFlares":true,"showImageEffects":true,"showParticleSystems":true},"in2DMode":false,"pivot":{"x":-0.949999988079071,"y":-1.1163208484649659,"z":-7.699309349060059},"rotation":{"x":0.014135808683931828,"y":-0.7392553091049194,"z":0.015525353141129017,"w":0.673105001449585},"size":1.9747827053070069,"orthographic":true}