{"cameraMode":{"drawMode":0,"name":"Shaded","section":"Shading Mode"},"sceneLighting":false,"audioPlay":false,"sceneViewState":{"showFog":true,"showMaterialUpdate":false,"showSkybox":false,"showFlares":true,"showImageEffects":true,"showParticleSystems":true},"in2DMode":false,"pivot":{"x":-0.2754794657230377,"y":1.0186017751693726,"z":1.3651245832443238},"rotation":{"x":0.2344842553138733,"y":-0.15925730764865876,"z":0.038972485810518268,"w":0.9581941962242127},"size":3.639453172683716,"orthographic":true}