{"cameraMode":{"drawMode":0,"name":"Shaded","section":"Shading Mode"},"sceneLighting":false,"audioPlay":false,"sceneViewState":{"showFog":true,"showMaterialUpdate":false,"showSkybox":false,"showFlares":true,"showImageEffects":true,"showParticleSystems":true},"in2DMode":false,"pivot":{"x":2.869999885559082,"y":1.358705997467041,"z":0.39503979682922366},"rotation":{"x":0.25746116042137148,"y":0.00579712213948369,"z":-0.0015457256231456996,"w":0.9662749171257019},"size":4.041658401489258,"orthographic":true}