{"cameraMode":{"drawMode":0,"name":"Shaded","section":"Shading Mode"},"sceneLighting":true,"audioPlay":false,"sceneViewState":{"showFog":true,"showMaterialUpdate":false,"showSkybox":true,"showFlares":true,"showImageEffects":true,"showParticleSystems":true},"in2DMode":false,"pivot":{"x":0.0,"y":1.350000023841858,"z":-1.5299999713897706},"rotation":{"x":0.640174388885498,"y":-0.010368664748966694,"z":0.008644328452646733,"w":0.7681158185005188},"size":14.247504234313965,"orthographic":true}