{"cameraMode":{"drawMode":0,"name":"Shaded","section":"Shading Mode"},"sceneLighting":false,"audioPlay":false,"sceneViewState":{"showFog":true,"showMaterialUpdate":false,"showSkybox":false,"showFlares":true,"showImageEffects":true,"showParticleSystems":true},"in2DMode":false,"pivot":{"x":0.8050781488418579,"y":1.358705997467041,"z":0.39503979682922366},"rotation":{"x":-0.1414550393819809,"y":0.8527854681015015,"z":-0.2978380620479584,"w":-0.4050212800502777},"size":6.833454132080078,"orthographic":false}