{"cameraMode":{"drawMode":2,"name":"Shaded Wireframe","section":"Shading Mode"},"sceneLighting":true,"audioPlay":false,"sceneViewState":{"showFog":true,"showMaterialUpdate":false,"showSkybox":true,"showFlares":true,"showImageEffects":true,"showParticleSystems":true},"in2DMode":false,"pivot":{"x":106.110107421875,"y":-33.283416748046878,"z":92.34976196289063},"rotation":{"x":0.055889226496219638,"y":0.6947394013404846,"z":-0.054297108203172687,"w":0.7150393128395081},"size":1546.85009765625,"orthographic":false}