{"cameraMode":{"drawMode":2,"name":"Shaded Wireframe","section":"Shading Mode"},"sceneLighting":true,"audioPlay":false,"sceneViewState":{"showFog":true,"showMaterialUpdate":false,"showSkybox":true,"showFlares":true,"showImageEffects":true,"showParticleSystems":true},"in2DMode":false,"pivot":{"x":115.150146484375,"y":-167.386962890625,"z":17.546844482421876},"rotation":{"x":0.21238380670547486,"y":-0.6642880439758301,"z":0.20548830926418305,"w":0.6865793466567993},"size":2376.049072265625,"orthographic":false}