{"cameraMode":{"drawMode":2,"name":"Shaded Wireframe","section":"Shading Mode"},"sceneLighting":true,"audioPlay":false,"sceneViewState":{"showFog":true,"showMaterialUpdate":false,"showSkybox":true,"showFlares":true,"showImageEffects":true,"showParticleSystems":true},"in2DMode":false,"pivot":{"x":217.8045654296875,"y":-273.24957275390627,"z":136.09681701660157},"rotation":{"x":0.2076731026172638,"y":-0.7122556567192078,"z":0.23563885688781739,"w":0.6277248859405518},"size":1906.6630859375,"orthographic":false}