{"cameraMode":{"drawMode":2,"name":"Shaded Wireframe","section":"Shading Mode"},"sceneLighting":true,"audioPlay":false,"sceneViewState":{"showFog":true,"showMaterialUpdate":false,"showSkybox":true,"showFlares":true,"showImageEffects":true,"showParticleSystems":true},"in2DMode":false,"pivot":{"x":8.9381103515625,"y":-309.9773864746094,"z":354.663818359375},"rotation":{"x":0.17493599653244019,"y":0.6787464618682861,"z":-0.17150574922561646,"w":0.6923192143440247},"size":1580.8140869140625,"orthographic":false}