{"cameraMode":{"drawMode":0,"name":"Shaded","section":"Shading Mode"},"sceneLighting":true,"audioPlay":false,"sceneViewState":{"showFog":true,"showMaterialUpdate":false,"showSkybox":true,"showFlares":true,"showImageEffects":true,"showParticleSystems":true},"in2DMode":false,"pivot":{"x":10.670031547546387,"y":-2.078857421875,"z":-2.5054352283477785},"rotation":{"x":0.0031434036791324617,"y":-0.7149053812026978,"z":0.6992074251174927,"w":0.0032143883872777225},"size":264.4784240722656,"orthographic":true}