{"cameraMode":{"drawMode":2,"name":"Shaded Wireframe","section":"Shading Mode"},"sceneLighting":true,"audioPlay":false,"sceneViewState":{"showFog":true,"showMaterialUpdate":false,"showSkybox":true,"showFlares":true,"showImageEffects":true,"showParticleSystems":true},"in2DMode":false,"pivot":{"x":-3.020977020263672,"y":-1.2981390953063965,"z":4.072548866271973},"rotation":{"x":-0.23272685706615449,"y":0.43853312730789187,"z":-0.11868535727262497,"w":-0.8599082231521606},"size":16.090707778930665,"orthographic":false}