{"cameraMode":{"drawMode":2,"name":"Shaded Wireframe","section":"Shading Mode"},"sceneLighting":true,"audioPlay":false,"sceneViewState":{"showFog":true,"showMaterialUpdate":false,"showSkybox":true,"showFlares":true,"showImageEffects":true,"showParticleSystems":true},"in2DMode":false,"pivot":{"x":-1.4712728261947632,"y":-5.408194065093994,"z":7.990322113037109},"rotation":{"x":0.2602789103984833,"y":-0.024618161842226983,"z":0.006638524122536182,"w":0.9651986360549927},"size":47.65901184082031,"orthographic":false}